X,Y,Type,Item
0,0,WALKABLE,
1,0,WALKABLE,
2,0,WALKABLE,
3,0,WALKABLE,
4,0,WALKABLE,
5,0,WALKABLE,
6,0,WALKABLE,
7,0,WALKABLE,
8,0,WALKABLE,
9,0,WALKABLE,
10,0,WALKABLE,
11,0,WALKABLE,
12,0,WALKABLE,
13,0,WALKABLE,
14,0,WALKABLE,
15,0,WALKABLE,
16,0,WALKABLE,
17,0,WALKABLE,
18,0,WALKABLE,
19,0,WALKABLE,
20,0,WALKABLE,
21,0,WALKABLE,
22,0,WALKABLE,
23,0,WALKABLE,
24,0,WALKABLE,
25,0,WALKABLE,
26,0,WALKABLE,
27,0,WALKABLE,
28,0,WALKABLE,
29,0,WALKABLE,
30,0,WALKABLE,
0,1,WALKABLE,
1,1,OBSTACLE,1
2,1,OBSTACLE,1
3,1,WALKABLE,
4,1,OBSTACLE,2
5,1,OBSTACLE,2
6,1,WALKABLE,
7,1,OBSTACLE,3
8,1,OBSTACLE,3
9,1,WALKABLE,
10,1,OBSTACLE,4
11,1,OBSTACLE,4
12,1,WALKABLE,
13,1,OBSTACLE,5
14,1,OBSTACLE,5
15,1,WALKABLE,
16,1,OBSTACLE,6
17,1,OBSTACLE,6
18,1,WALKABLE,
19,1,OBSTACLE,7
20,1,OBSTACLE,7
21,1,WALKABLE,
22,1,OBSTACLE,8
23,1,OBSTACLE,8
24,1,WALKABLE,
25,1,OBSTACLE,9
26,1,OBSTACLE,9
27,1,WALKABLE,
28,1,OBSTACLE,10
29,1,OBSTACLE,10
30,1,WALKABLE,
0,2,WALKABLE,
1,2,OBSTACLE,1
2,2,OBSTACLE,1
3,2,WALKABLE,
4,2,OBSTACLE,2
5,2,OBSTACLE,2
6,2,WALKABLE,
7,2,OBSTACLE,3
8,2,OBSTACLE,3
9,2,WALKABLE,
10,2,OBSTACLE,4
11,2,OBSTACLE,4
12,2,WALKABLE,
13,2,OBSTACLE,5
14,2,OBSTACLE,5
15,2,WALKABLE,
16,2,OBSTACLE,6
17,2,OBSTACLE,6
18,2,WALKABLE,
19,2,OBSTACLE,7
20,2,OBSTACLE,7
21,2,WALKABLE,
22,2,OBSTACLE,8
23,2,OBSTACLE,8
24,2,WALKABLE,
25,2,OBSTACLE,9
26,2,OBSTACLE,9
27,2,WALKABLE,
28,2,OBSTACLE,10
29,2,OBSTACLE,10
30,2,WALKABLE,
0,3,WALKABLE,
1,3,OBSTACLE,1
2,3,OBSTACLE,1
3,3,WALKABLE,
4,3,OBSTACLE,2
5,3,OBSTACLE,2
6,3,WALKABLE,
7,3,OBSTACLE,3
8,3,OBSTACLE,3
9,3,WALKABLE,
10,3,OBSTACLE,4
11,3,OBSTACLE,4
12,3,WALKABLE,
13,3,OBSTACLE,5
14,3,OBSTACLE,5
15,3,WALKABLE,
16,3,OBSTACLE,6
17,3,OBSTACLE,6
18,3,WALKABLE,
19,3,OBSTACLE,7
20,3,OBSTACLE,7
21,3,WALKABLE,
22,3,OBSTACLE,8
23,3,OBSTACLE,8
24,3,WALKABLE,
25,3,OBSTACLE,9
26,3,OBSTACLE,9
27,3,WALKABLE,
28,3,OBSTACLE,10
29,3,OBSTACLE,10
30,3,WALKABLE,
0,4,WALKABLE,
1,4,OBSTACLE,1
2,4,OBSTACLE,1
3,4,WALKABLE,
4,4,OBSTACLE,2
5,4,OBSTACLE,2
6,4,WALKABLE,
7,4,OBSTACLE,3
8,4,OBSTACLE,3
9,4,WALKABLE,
10,4,OBSTACLE,4
11,4,OBSTACLE,4
12,4,WALKABLE,
13,4,OBSTACLE,5
14,4,OBSTACLE,5
15,4,WALKABLE,
16,4,OBSTACLE,6
17,4,OBSTACLE,6
18,4,WALKABLE,
19,4,OBSTACLE,7
20,4,OBSTACLE,7
21,4,WALKABLE,
22,4,OBSTACLE,8
23,4,OBSTACLE,8
24,4,WALKABLE,
25,4,OBSTACLE,9
26,4,OBSTACLE,9
27,4,WALKABLE,
28,4,OBSTACLE,10
29,4,OBSTACLE,10
30,4,WALKABLE,
0,5,WALKABLE,
1,5,OBSTACLE,1
2,5,OBSTACLE,1
3,5,WALKABLE,
4,5,OBSTACLE,2
5,5,OBSTACLE,2
6,5,WALKABLE,
7,5,OBSTACLE,3
8,5,OBSTACLE,3
9,5,WALKABLE,
10,5,OBSTACLE,4
11,5,OBSTACLE,4
12,5,WALKABLE,
13,5,OBSTACLE,5
14,5,OBSTACLE,5
15,5,WALKABLE,
16,5,OBSTACLE,6
17,5,OBSTACLE,6
18,5,WALKABLE,
19,5,OBSTACLE,7
20,5,OBSTACLE,7
21,5,WALKABLE,
22,5,OBSTACLE,8
23,5,OBSTACLE,8
24,5,WALKABLE,
25,5,OBSTACLE,9
26,5,OBSTACLE,9
27,5,WALKABLE,
28,5,OBSTACLE,10
29,5,OBSTACLE,10
30,5,WALKABLE,
0,6,WALKABLE,
1,6,WALKABLE,
2,6,WALKABLE,
3,6,WALKABLE,
4,6,WALKABLE,
5,6,WALKABLE,
6,6,WALKABLE,
7,6,WALKABLE,
8,6,WALKABLE,
9,6,WALKABLE,
10,6,WALKABLE,
11,6,WALKABLE,
12,6,WALKABLE,
13,6,WALKABLE,
14,6,WALKABLE,
15,6,WALKABLE,
16,6,WALKABLE,
17,6,WALKABLE,
18,6,WALKABLE,
19,6,WALKABLE,
20,6,WALKABLE,
21,6,WALKABLE,
22,6,WALKABLE,
23,6,WALKABLE,
24,6,WALKABLE,
25,6,WALKABLE,
26,6,WALKABLE,
27,6,WALKABLE,
28,6,WALKABLE,
29,6,WALKABLE,
30,6,WALKABLE,
0,7,WALKABLE,
1,7,OBSTACLE,1
2,7,OBSTACLE,1
3,7,WALKABLE,
4,7,OBSTACLE,2
5,7,OBSTACLE,2
6,7,WALKABLE,
7,7,OBSTACLE,3
8,7,OBSTACLE,3
9,7,WALKABLE,
10,7,OBSTACLE,4
11,7,OBSTACLE,4
12,7,WALKABLE,
13,7,OBSTACLE,5
14,7,OBSTACLE,5
15,7,WALKABLE,
16,7,OBSTACLE,6
17,7,OBSTACLE,6
18,7,WALKABLE,
19,7,OBSTACLE,7
20,7,OBSTACLE,7
21,7,WALKABLE,
22,7,OBSTACLE,8
23,7,OBSTACLE,8
24,7,WALKABLE,
25,7,OBSTACLE,9
26,7,OBSTACLE,9
27,7,WALKABLE,
28,7,OBSTACLE,10
29,7,OBSTACLE,10
30,7,WALKABLE,
0,8,WALKABLE,
1,8,OBSTACLE,1
2,8,OBSTACLE,1
3,8,WALKABLE,
4,8,OBSTACLE,2
5,8,OBSTACLE,2
6,8,WALKABLE,
7,8,OBSTACLE,3
8,8,OBSTACLE,3
9,8,WALKABLE,
10,8,OBSTACLE,4
11,8,OBSTACLE,4
12,8,WALKABLE,
13,8,OBSTACLE,5
14,8,OBSTACLE,5
15,8,WALKABLE,
16,8,OBSTACLE,6
17,8,OBSTACLE,6
18,8,WALKABLE,
19,8,OBSTACLE,7
20,8,OBSTACLE,7
21,8,WALKABLE,
22,8,OBSTACLE,8
23,8,OBSTACLE,8
24,8,WALKABLE,
25,8,OBSTACLE,9
26,8,OBSTACLE,9
27,8,WALKABLE,
28,8,OBSTACLE,10
29,8,OBSTACLE,10
30,8,WALKABLE,
0,9,WALKABLE,
1,9,OBSTACLE,1
2,9,OBSTACLE,1
3,9,WALKABLE,
4,9,OBSTACLE,2
5,9,OBSTACLE,2
6,9,WALKABLE,
7,9,OBSTACLE,3
8,9,OBSTACLE,3
9,9,WALKABLE,
10,9,OBSTACLE,4
11,9,OBSTACLE,4
12,9,WALKABLE,
13,9,OBSTACLE,5
14,9,OBSTACLE,5
15,9,WALKABLE,
16,9,OBSTACLE,6
17,9,OBSTACLE,6
18,9,WALKABLE,
19,9,OBSTACLE,7
20,9,OBSTACLE,7
21,9,WALKABLE,
22,9,OBSTACLE,8
23,9,OBSTACLE,8
24,9,WALKABLE,
25,9,OBSTACLE,9
26,9,OBSTACLE,9
27,9,WALKABLE,
28,9,OBSTACLE,10
29,9,OBSTACLE,10
30,9,WALKABLE,
0,10,WALKABLE,
1,10,OBSTACLE,1
2,10,OBSTACLE,1
3,10,WALKABLE,
4,10,OBSTACLE,2
5,10,OBSTACLE,2
6,10,WALKABLE,
7,10,OBSTACLE,3
8,10,OBSTACLE,3
9,10,WALKABLE,
10,10,OBSTACLE,4
11,10,OBSTACLE,4
12,10,WALKABLE,
13,10,OBSTACLE,5
14,10,OBSTACLE,5
15,10,WALKABLE,
16,10,OBSTACLE,6
17,10,OBSTACLE,6
18,10,WALKABLE,
19,10,OBSTACLE,7
20,10,OBSTACLE,7
21,10,WALKABLE,
22,10,OBSTACLE,8
23,10,OBSTACLE,8
24,10,WALKABLE,
25,10,OBSTACLE,9
26,10,OBSTACLE,9
27,10,WALKABLE,
28,10,OBSTACLE,10
29,10,OBSTACLE,10
30,10,WALKABLE,
0,11,WALKABLE,
1,11,OBSTACLE,1
2,11,OBSTACLE,1
3,11,WALKABLE,
4,11,OBSTACLE,2
5,11,OBSTACLE,2
6,11,WALKABLE,
7,11,OBSTACLE,3
8,11,OBSTACLE,3
9,11,WALKABLE,
10,11,OBSTACLE,4
11,11,OBSTACLE,4
12,11,WALKABLE,
13,11,OBSTACLE,5
14,11,OBSTACLE,5
15,11,WALKABLE,
16,11,OBSTACLE,6
17,11,OBSTACLE,6
18,11,WALKABLE,
19,11,OBSTACLE,7
20,11,OBSTACLE,7
21,11,WALKABLE,
22,11,OBSTACLE,8
23,11,OBSTACLE,8
24,11,WALKABLE,
25,11,OBSTACLE,9
26,11,OBSTACLE,9
27,11,WALKABLE,
28,11,OBSTACLE,10
29,11,OBSTACLE,10
30,11,WALKABLE,
0,12,WALKABLE,
1,12,WALKABLE,
2,12,WALKABLE,
3,12,WALKABLE,
4,12,WALKABLE,
5,12,WALKABLE,
6,12,WALKABLE,
7,12,WALKABLE,
8,12,WALKABLE,
9,12,WALKABLE,
10,12,WALKABLE,
11,12,WALKABLE,
12,12,WALKABLE,
13,12,WALKABLE,
14,12,WALKABLE,
15,12,WALKABLE,
16,12,WALKABLE,
17,12,WALKABLE,
18,12,WALKABLE,
19,12,WALKABLE,
20,12,WALKABLE,
21,12,WALKABLE,
22,12,WALKABLE,
23,12,WALKABLE,
24,12,WALKABLE,
25,12,WALKABLE,
26,12,WALKABLE,
27,12,WALKABLE,
28,12,WALKABLE,
29,12,WALKABLE,
30,12,WALKABLE,
0,13,WALKABLE,
1,13,OBSTACLE,1
2,13,OBSTACLE,1
3,13,WALKABLE,
4,13,OBSTACLE,2
5,13,OBSTACLE,2
6,13,WALKABLE,
7,13,OBSTACLE,3
8,13,OBSTACLE,3
9,13,WALKABLE,
10,13,OBSTACLE,4
11,13,OBSTACLE,4
12,13,WALKABLE,
13,13,OBSTACLE,5
14,13,OBSTACLE,5
15,13,WALKABLE,
16,13,OBSTACLE,6
17,13,OBSTACLE,6
18,13,WALKABLE,
19,13,OBSTACLE,7
20,13,OBSTACLE,7
21,13,WALKABLE,
22,13,OBSTACLE,8
23,13,OBSTACLE,8
24,13,WALKABLE,
25,13,OBSTACLE,9
26,13,OBSTACLE,9
27,13,WALKABLE,
28,13,OBSTACLE,10
29,13,OBSTACLE,10
30,13,WALKABLE,
0,14,WALKABLE,
1,14,OBSTACLE,1
2,14,OBSTACLE,1
3,14,WALKABLE,
4,14,OBSTACLE,2
5,14,OBSTACLE,2
6,14,WALKABLE,
7,14,OBSTACLE,3
8,14,OBSTACLE,3
9,14,WALKABLE,
10,14,OBSTACLE,4
11,14,OBSTACLE,4
12,14,WALKABLE,
13,14,OBSTACLE,5
14,14,OBSTACLE,5
15,14,WALKABLE,
16,14,OBSTACLE,6
17,14,OBSTACLE,6
18,14,WALKABLE,
19,14,OBSTACLE,7
20,14,OBSTACLE,7
21,14,WALKABLE,
22,14,OBSTACLE,8
23,14,OBSTACLE,8
24,14,WALKABLE,
25,14,OBSTACLE,9
26,14,OBSTACLE,9
27,14,WALKABLE,
28,14,OBSTACLE,10
29,14,OBSTACLE,10
30,14,WALKABLE,
0,15,WALKABLE,
1,15,OBSTACLE,1
2,15,OBSTACLE,1
3,15,WALKABLE,
4,15,OBSTACLE,2
5,15,OBSTACLE,2
6,15,WALKABLE,
7,15,OBSTACLE,3
8,15,OBSTACLE,3
9,15,WALKABLE,
10,15,OBSTACLE,4
11,15,OBSTACLE,4
12,15,WALKABLE,
13,15,OBSTACLE,5
14,15,OBSTACLE,5
15,15,WALKABLE,
16,15,OBSTACLE,6
17,15,OBSTACLE,6
18,15,WALKABLE,
19,15,OBSTACLE,7
20,15,OBSTACLE,7
21,15,WALKABLE,
22,15,OBSTACLE,8
23,15,OBSTACLE,8
24,15,WALKABLE,
25,15,OBSTACLE,9
26,15,OBSTACLE,9
27,15,WALKABLE,
28,15,OBSTACLE,10
29,15,OBSTACLE,10
30,15,WALKABLE,
0,16,WALKABLE,
1,16,OBSTACLE,1
2,16,OBSTACLE,1
3,16,WALKABLE,
4,16,OBSTACLE,2
5,16,OBSTACLE,2
6,16,WALKABLE,
7,16,OBSTACLE,3
8,16,OBSTACLE,3
9,16,WALKABLE,
10,16,OBSTACLE,4
11,16,OBSTACLE,4
12,16,WALKABLE,
13,16,OBSTACLE,5
14,16,OBSTACLE,5
15,16,WALKABLE,
16,16,OBSTACLE,6
17,16,OBSTACLE,6
18,16,WALKABLE,
19,16,OBSTACLE,7
20,16,OBSTACLE,7
21,16,WALKABLE,
22,16,OBSTACLE,8
23,16,OBSTACLE,8
24,16,WALKABLE,
25,16,OBSTACLE,9
26,16,OBSTACLE,9
27,16,WALKABLE,
28,16,OBSTACLE,10
29,16,OBSTACLE,10
30,16,WALKABLE,
0,17,WALKABLE,
1,17,OBSTACLE,1
2,17,OBSTACLE,1
3,17,WALKABLE,
4,17,OBSTACLE,2
5,17,OBSTACLE,2
6,17,WALKABLE,
7,17,OBSTACLE,3
8,17,OBSTACLE,3
9,17,WALKABLE,
10,17,OBSTACLE,4
11,17,OBSTACLE,4
12,17,WALKABLE,
13,17,OBSTACLE,5
14,17,OBSTACLE,5
15,17,WALKABLE,
16,17,OBSTACLE,6
17,17,OBSTACLE,6
18,17,WALKABLE,
19,17,OBSTACLE,7
20,17,OBSTACLE,7
21,17,WALKABLE,
22,17,OBSTACLE,8
23,17,OBSTACLE,8
24,17,WALKABLE,
25,17,OBSTACLE,9
26,17,OBSTACLE,9
27,17,WALKABLE,
28,17,OBSTACLE,10
29,17,OBSTACLE,10
30,17,WALKABLE,
0,18,WALKABLE,
1,18,WALKABLE,
2,18,WALKABLE,
3,18,WALKABLE,
4,18,WALKABLE,
5,18,WALKABLE,
6,18,WALKABLE,
7,18,WALKABLE,
8,18,WALKABLE,
9,18,WALKABLE,
10,18,WALKABLE,
11,18,WALKABLE,
12,18,WALKABLE,
13,18,WALKABLE,
14,18,WALKABLE,
15,18,WALKABLE,
16,18,WALKABLE,
17,18,WALKABLE,
18,18,WALKABLE,
19,18,WALKABLE,
20,18,WALKABLE,
21,18,WALKABLE,
22,18,WALKABLE,
23,18,WALKABLE,
24,18,WALKABLE,
25,18,WALKABLE,
26,18,WALKABLE,
27,18,WALKABLE,
28,18,WALKABLE,
29,18,WALKABLE,
30,18,WALKABLE,
0,19,WALKABLE,
1,19,OBSTACLE,1
2,19,OBSTACLE,1
3,19,WALKABLE,
4,19,OBSTACLE,2
5,19,OBSTACLE,2
6,19,WALKABLE,
7,19,OBSTACLE,3
8,19,OBSTACLE,3
9,19,WALKABLE,
10,19,OBSTACLE,4
11,19,OBSTACLE,4
12,19,WALKABLE,
13,19,OBSTACLE,5
14,19,OBSTACLE,5
15,19,WALKABLE,
16,19,OBSTACLE,6
17,19,OBSTACLE,6
18,19,WALKABLE,
19,19,OBSTACLE,7
20,19,OBSTACLE,7
21,19,WALKABLE,
22,19,OBSTACLE,8
23,19,OBSTACLE,8
24,19,WALKABLE,
25,19,OBSTACLE,9
26,19,OBSTACLE,9
27,19,WALKABLE,
28,19,OBSTACLE,10
29,19,OBSTACLE,10
30,19,WALKABLE,
0,20,WALKABLE,
1,20,OBSTACLE,1
2,20,OBSTACLE,1
3,20,WALKABLE,
4,20,OBSTACLE,2
5,20,OBSTACLE,2
6,20,WALKABLE,
7,20,OBSTACLE,3
8,20,OBSTACLE,3
9,20,WALKABLE,
10,20,OBSTACLE,4
11,20,OBSTACLE,4
12,20,WALKABLE,
13,20,OBSTACLE,5
14,20,OBSTACLE,5
15,20,WALKABLE,
16,20,OBSTACLE,6
17,20,OBSTACLE,6
18,20,WALKABLE,
19,20,OBSTACLE,7
20,20,OBSTACLE,7
21,20,WALKABLE,
22,20,OBSTACLE,8
23,20,OBSTACLE,8
24,20,WALKABLE,
25,20,OBSTACLE,9
26,20,OBSTACLE,9
27,20,WALKABLE,
28,20,OBSTACLE,10
29,20,OBSTACLE,10
30,20,WALKABLE,
0,21,WALKABLE,
1,21,OBSTACLE,1
2,21,OBSTACLE,1
3,21,WALKABLE,
4,21,OBSTACLE,2
5,21,OBSTACLE,2
6,21,WALKABLE,
7,21,OBSTACLE,3
8,21,OBSTACLE,3
9,21,WALKABLE,
10,21,OBSTACLE,4
11,21,OBSTACLE,4
12,21,WALKABLE,
13,21,OBSTACLE,5
14,21,OBSTACLE,5
15,21,WALKABLE,
16,21,OBSTACLE,6
17,21,OBSTACLE,6
18,21,WALKABLE,
19,21,OBSTACLE,7
20,21,OBSTACLE,7
21,21,WALKABLE,
22,21,OBSTACLE,8
23,21,OBSTACLE,8
24,21,WALKABLE,
25,21,OBSTACLE,9
26,21,OBSTACLE,9
27,21,WALKABLE,
28,21,OBSTACLE,10
29,21,OBSTACLE,10
30,21,WALKABLE,
0,22,WALKABLE,
1,22,OBSTACLE,1
2,22,OBSTACLE,1
3,22,WALKABLE,
4,22,OBSTACLE,2
5,22,OBSTACLE,2
6,22,WALKABLE,
7,22,OBSTACLE,3
8,22,OBSTACLE,3
9,22,WALKABLE,
10,22,OBSTACLE,4
11,22,OBSTACLE,4
12,22,WALKABLE,
13,22,OBSTACLE,5
14,22,OBSTACLE,5
15,22,WALKABLE,
16,22,OBSTACLE,6
17,22,OBSTACLE,6
18,22,WALKABLE,
19,22,OBSTACLE,7
20,22,OBSTACLE,7
21,22,WALKABLE,
22,22,OBSTACLE,8
23,22,OBSTACLE,8
24,22,WALKABLE,
25,22,OBSTACLE,9
26,22,OBSTACLE,9
27,22,WALKABLE,
28,22,OBSTACLE,10
29,22,OBSTACLE,10
30,22,WALKABLE,
0,23,WALKABLE,
1,23,OBSTACLE,1
2,23,OBSTACLE,1
3,23,WALKABLE,
4,23,OBSTACLE,2
5,23,OBSTACLE,2
6,23,WALKABLE,
7,23,OBSTACLE,3
8,23,OBSTACLE,3
9,23,WALKABLE,
10,23,OBSTACLE,4
11,23,OBSTACLE,4
12,23,WALKABLE,
13,23,OBSTACLE,5
14,23,OBSTACLE,5
15,23,WALKABLE,
16,23,OBSTACLE,6
17,23,OBSTACLE,6
18,23,WALKABLE,
19,23,OBSTACLE,7
20,23,OBSTACLE,7
21,23,WALKABLE,
22,23,OBSTACLE,8
23,23,OBSTACLE,8
24,23,WALKABLE,
25,23,OBSTACLE,9
26,23,OBSTACLE,9
27,23,WALKABLE,
28,23,OBSTACLE,10
29,23,OBSTACLE,10
30,23,WALKABLE,
0,24,WALKABLE,
1,24,WALKABLE,
2,24,WALKABLE,
3,24,WALKABLE,
4,24,WALKABLE,
5,24,WALKABLE,
6,24,WALKABLE,
7,24,WALKABLE,
8,24,WALKABLE,
9,24,WALKABLE,
10,24,WALKABLE,
11,24,WALKABLE,
12,24,WALKABLE,
13,24,WALKABLE,
14,24,WALKABLE,
15,24,WALKABLE,
16,24,WALKABLE,
17,24,WALKABLE,
18,24,WALKABLE,
19,24,WALKABLE,
20,24,WALKABLE,
21,24,WALKABLE,
22,24,WALKABLE,
23,24,WALKABLE,
24,24,WALKABLE,
25,24,WALKABLE,
26,24,WALKABLE,
27,24,WALKABLE,
28,24,WALKABLE,
29,24,WALKABLE,
30,24,WALKABLE,
0,25,WALKABLE,
1,25,OBSTACLE,1
2,25,OBSTACLE,1
3,25,WALKABLE,
4,25,OBSTACLE,2
5,25,OBSTACLE,2
6,25,WALKABLE,
7,25,OBSTACLE,3
8,25,OBSTACLE,3
9,25,WALKABLE,
10,25,OBSTACLE,4
11,25,OBSTACLE,4
12,25,WALKABLE,
13,25,OBSTACLE,5
14,25,OBSTACLE,5
15,25,WALKABLE,
16,25,OBSTACLE,6
17,25,OBSTACLE,6
18,25,WALKABLE,
19,25,OBSTACLE,7
20,25,OBSTACLE,7
21,25,WALKABLE,
22,25,OBSTACLE,8
23,25,OBSTACLE,8
24,25,WALKABLE,
25,25,OBSTACLE,9
26,25,OBSTACLE,9
27,25,WALKABLE,
28,25,OBSTACLE,10
29,25,OBSTACLE,10
30,25,WALKABLE,
0,26,WALKABLE,
1,26,OBSTACLE,1
2,26,OBSTACLE,1
3,26,WALKABLE,
4,26,OBSTACLE,2
5,26,OBSTACLE,2
6,26,WALKABLE,
7,26,OBSTACLE,3
8,26,OBSTACLE,3
9,26,WALKABLE,
10,26,OBSTACLE,4
11,26,OBSTACLE,4
12,26,WALKABLE,
13,26,OBSTACLE,5
14,26,OBSTACLE,5
15,26,WALKABLE,
16,26,OBSTACLE,6
17,26,OBSTACLE,6
18,26,WALKABLE,
19,26,OBSTACLE,7
20,26,OBSTACLE,7
21,26,WALKABLE,
22,26,OBSTACLE,8
23,26,OBSTACLE,8
24,26,WALKABLE,
25,26,OBSTACLE,9
26,26,OBSTACLE,9
27,26,WALKABLE,
28,26,OBSTACLE,10
29,26,OBSTACLE,10
30,26,WALKABLE,
0,27,WALKABLE,
1,27,OBSTACLE,1
2,27,OBSTACLE,1
3,27,WALKABLE,
4,27,OBSTACLE,2
5,27,OBSTACLE,2
6,27,WALKABLE,
7,27,OBSTACLE,3
8,27,OBSTACLE,3
9,27,WALKABLE,
10,27,OBSTACLE,4
11,27,OBSTACLE,4
12,27,WALKABLE,
13,27,OBSTACLE,5
14,27,OBSTACLE,5
15,27,WALKABLE,
16,27,OBSTACLE,6
17,27,OBSTACLE,6
18,27,WALKABLE,
19,27,OBSTACLE,7
20,27,OBSTACLE,7
21,27,WALKABLE,
22,27,OBSTACLE,8
23,27,OBSTACLE,8
24,27,WALKABLE,
25,27,OBSTACLE,9
26,27,OBSTACLE,9
27,27,WALKABLE,
28,27,OBSTACLE,10
29,27,OBSTACLE,10
30,27,WALKABLE,
0,28,WALKABLE,
1,28,OBSTACLE,1
2,28,OBSTACLE,1
3,28,WALKABLE,
4,28,OBSTACLE,2
5,28,OBSTACLE,2
6,28,WALKABLE,
7,28,OBSTACLE,3
8,28,OBSTACLE,3
9,28,WALKABLE,
10,28,OBSTACLE,4
11,28,OBSTACLE,4
12,28,WALKABLE,
13,28,OBSTACLE,5
14,28,OBSTACLE,5
15,28,WALKABLE,
16,28,OBSTACLE,6
17,28,OBSTACLE,6
18,28,WALKABLE,
19,28,OBSTACLE,7
20,28,OBSTACLE,7
21,28,WALKABLE,
22,28,OBSTACLE,8
23,28,OBSTACLE,8
24,28,WALKABLE,
25,28,OBSTACLE,9
26,28,OBSTACLE,9
27,28,WALKABLE,
28,28,OBSTACLE,10
29,28,OBSTACLE,10
30,28,WALKABLE,
0,29,WALKABLE,
1,29,OBSTACLE,1
2,29,OBSTACLE,1
3,29,WALKABLE,
4,29,OBSTACLE,2
5,29,OBSTACLE,2
6,29,WALKABLE,
7,29,OBSTACLE,3
8,29,OBSTACLE,3
9,29,WALKABLE,
10,29,OBSTACLE,4
11,29,OBSTACLE,4
12,29,WALKABLE,
13,29,OBSTACLE,5
14,29,OBSTACLE,5
15,29,WALKABLE,
16,29,OBSTACLE,6
17,29,OBSTACLE,6
18,29,WALKABLE,
19,29,OBSTACLE,7
20,29,OBSTACLE,7
21,29,WALKABLE,
22,29,OBSTACLE,8
23,29,OBSTACLE,8
24,29,WALKABLE,
25,29,OBSTACLE,9
26,29,OBSTACLE,9
27,29,WALKABLE,
28,29,OBSTACLE,10
29,29,OBSTACLE,10
30,29,WALKABLE,
0,30,WALKABLE,
1,30,WALKABLE,
2,30,WALKABLE,
3,30,WALKABLE,
4,30,WALKABLE,
5,30,WALKABLE,
6,30,WALKABLE,
7,30,WALKABLE,
8,30,WALKABLE,
9,30,WALKABLE,
10,30,WALKABLE,
11,30,WALKABLE,
12,30,WALKABLE,
13,30,WALKABLE,
14,30,WALKABLE,
15,30,WALKABLE,
16,30,WALKABLE,
17,30,WALKABLE,
18,30,WALKABLE,
19,30,WALKABLE,
20,30,WALKABLE,
21,30,WALKABLE,
22,30,WALKABLE,
23,30,WALKABLE,
24,30,WALKABLE,
25,30,WALKABLE,
26,30,WALKABLE,
27,30,WALKABLE,
28,30,WALKABLE,
29,30,WALKABLE,
30,30,WALKABLE,
0,31,WALKABLE,
1,31,OBSTACLE,1
2,31,OBSTACLE,1
3,31,WALKABLE,
4,31,OBSTACLE,2
5,31,OBSTACLE,2
6,31,WALKABLE,
7,31,OBSTACLE,3
8,31,OBSTACLE,3
9,31,WALKABLE,
10,31,OBSTACLE,4
11,31,OBSTACLE,4
12,31,WALKABLE,
13,31,OBSTACLE,5
14,31,OBSTACLE,5
15,31,WALKABLE,
16,31,OBSTACLE,6
17,31,OBSTACLE,6
18,31,WALKABLE,
19,31,OBSTACLE,7
20,31,OBSTACLE,7
21,31,WALKABLE,
22,31,OBSTACLE,8
23,31,OBSTACLE,8
24,31,WALKABLE,
25,31,OBSTACLE,9
26,31,OBSTACLE,9
27,31,WALKABLE,
28,31,OBSTACLE,10
29,31,OBSTACLE,10
30,31,WALKABLE,
0,32,WALKABLE,
1,32,OBSTACLE,1
2,32,OBSTACLE,1
3,32,WALKABLE,
4,32,OBSTACLE,2
5,32,OBSTACLE,2
6,32,WALKABLE,
7,32,OBSTACLE,3
8,32,OBSTACLE,3
9,32,WALKABLE,
10,32,OBSTACLE,4
11,32,OBSTACLE,4
12,32,WALKABLE,
13,32,OBSTACLE,5
14,32,OBSTACLE,5
15,32,WALKABLE,
16,32,OBSTACLE,6
17,32,OBSTACLE,6
18,32,WALKABLE,
19,32,OBSTACLE,7
20,32,OBSTACLE,7
21,32,WALKABLE,
22,32,OBSTACLE,8
23,32,OBSTACLE,8
24,32,WALKABLE,
25,32,OBSTACLE,9
26,32,OBSTACLE,9
27,32,WALKABLE,
28,32,OBSTACLE,10
29,32,OBSTACLE,10
30,32,WALKABLE,
0,33,WALKABLE,
1,33,OBSTACLE,1
2,33,OBSTACLE,1
3,33,WALKABLE,
4,33,OBSTACLE,2
5,33,OBSTACLE,2
6,33,WALKABLE,
7,33,OBSTACLE,3
8,33,OBSTACLE,3
9,33,WALKABLE,
10,33,OBSTACLE,4
11,33,OBSTACLE,4
12,33,WALKABLE,
13,33,OBSTACLE,5
14,33,OBSTACLE,5
15,33,WALKABLE,
16,33,OBSTACLE,6
17,33,OBSTACLE,6
18,33,WALKABLE,
19,33,OBSTACLE,7
20,33,OBSTACLE,7
21,33,WALKABLE,
22,33,OBSTACLE,8
23,33,OBSTACLE,8
24,33,WALKABLE,
25,33,OBSTACLE,9
26,33,OBSTACLE,9
27,33,WALKABLE,
28,33,OBSTACLE,10
29,33,OBSTACLE,10
30,33,WALKABLE,
0,34,WALKABLE,
1,34,OBSTACLE,1
2,34,OBSTACLE,1
3,34,WALKABLE,
4,34,OBSTACLE,2
5,34,OBSTACLE,2
6,34,WALKABLE,
7,34,OBSTACLE,3
8,34,OBSTACLE,3
9,34,WALKABLE,
10,34,OBSTACLE,4
11,34,OBSTACLE,4
12,34,WALKABLE,
13,34,OBSTACLE,5
14,34,OBSTACLE,5
15,34,WALKABLE,
16,34,OBSTACLE,6
17,34,OBSTACLE,6
18,34,WALKABLE,
19,34,OBSTACLE,7
20,34,OBSTACLE,7
21,34,WALKABLE,
22,34,OBSTACLE,8
23,34,OBSTACLE,8
24,34,WALKABLE,
25,34,OBSTACLE,9
26,34,OBSTACLE,9
27,34,WALKABLE,
28,34,OBSTACLE,10
29,34,OBSTACLE,10
30,34,WALKABLE,
0,35,WALKABLE,
1,35,OBSTACLE,1
2,35,OBSTACLE,1
3,35,WALKABLE,
4,35,OBSTACLE,2
5,35,OBSTACLE,2
6,35,WALKABLE,
7,35,OBSTACLE,3
8,35,OBSTACLE,3
9,35,WALKABLE,
10,35,OBSTACLE,4
11,35,OBSTACLE,4
12,35,WALKABLE,
13,35,OBSTACLE,5
14,35,OBSTACLE,5
15,35,WALKABLE,
16,35,OBSTACLE,6
17,35,OBSTACLE,6
18,35,WALKABLE,
19,35,OBSTACLE,7
20,35,OBSTACLE,7
21,35,WALKABLE,
22,35,OBSTACLE,8
23,35,OBSTACLE,8
24,35,WALKABLE,
25,35,OBSTACLE,9
26,35,OBSTACLE,9
27,35,WALKABLE,
28,35,OBSTACLE,10
29,35,OBSTACLE,10
30,35,WALKABLE,
0,36,WALKABLE,
1,36,WALKABLE,
2,36,WALKABLE,
3,36,WALKABLE,
4,36,WALKABLE,
5,36,WALKABLE,
6,36,WALKABLE,
7,36,WALKABLE,
8,36,WALKABLE,
9,36,WALKABLE,
10,36,WALKABLE,
11,36,WALKABLE,
12,36,WALKABLE,
13,36,WALKABLE,
14,36,WALKABLE,
15,36,WALKABLE,
16,36,WALKABLE,
17,36,WALKABLE,
18,36,WALKABLE,
19,36,WALKABLE,
20,36,WALKABLE,
21,36,WALKABLE,
22,36,WALKABLE,
23,36,WALKABLE,
24,36,WALKABLE,
25,36,WALKABLE,
26,36,WALKABLE,
27,36,WALKABLE,
28,36,WALKABLE,
29,36,WALKABLE,
30,36,WALKABLE,
0,37,WALKABLE,
1,37,OBSTACLE,1
2,37,OBSTACLE,1
3,37,WALKABLE,
4,37,OBSTACLE,2
5,37,OBSTACLE,2
6,37,WALKABLE,
7,37,OBSTACLE,3
8,37,OBSTACLE,3
9,37,WALKABLE,
10,37,OBSTACLE,4
11,37,OBSTACLE,4
12,37,WALKABLE,
13,37,OBSTACLE,5
14,37,OBSTACLE,5
15,37,WALKABLE,
16,37,OBSTACLE,6
17,37,OBSTACLE,6
18,37,WALKABLE,
19,37,OBSTACLE,7
20,37,OBSTACLE,7
21,37,WALKABLE,
22,37,OBSTACLE,8
23,37,OBSTACLE,8
24,37,WALKABLE,
25,37,OBSTACLE,9
26,37,OBSTACLE,9
27,37,WALKABLE,
28,37,OBSTACLE,10
29,37,OBSTACLE,10
30,37,WALKABLE,
0,38,WALKABLE,
1,38,OBSTACLE,1
2,38,OBSTACLE,1
3,38,WALKABLE,
4,38,OBSTACLE,2
5,38,OBSTACLE,2
6,38,WALKABLE,
7,38,OBSTACLE,3
8,38,OBSTACLE,3
9,38,WALKABLE,
10,38,OBSTACLE,4
11,38,OBSTACLE,4
12,38,WALKABLE,
13,38,OBSTACLE,5
14,38,OBSTACLE,5
15,38,WALKABLE,
16,38,OBSTACLE,6
17,38,OBSTACLE,6
18,38,WALKABLE,
19,38,OBSTACLE,7
20,38,OBSTACLE,7
21,38,WALKABLE,
22,38,OBSTACLE,8
23,38,OBSTACLE,8
24,38,WALKABLE,
25,38,OBSTACLE,9
26,38,OBSTACLE,9
27,38,WALKABLE,
28,38,OBSTACLE,10
29,38,OBSTACLE,10
30,38,WALKABLE,
0,39,WALKABLE,
1,39,OBSTACLE,1
2,39,OBSTACLE,1
3,39,WALKABLE,
4,39,OBSTACLE,2
5,39,OBSTACLE,2
6,39,WALKABLE,
7,39,OBSTACLE,3
8,39,OBSTACLE,3
9,39,WALKABLE,
10,39,OBSTACLE,4
11,39,OBSTACLE,4
12,39,WALKABLE,
13,39,OBSTACLE,5
14,39,OBSTACLE,5
15,39,WALKABLE,
16,39,OBSTACLE,6
17,39,OBSTACLE,6
18,39,WALKABLE,
19,39,OBSTACLE,7
20,39,OBSTACLE,7
21,39,WALKABLE,
22,39,OBSTACLE,8
23,39,OBSTACLE,8
24,39,WALKABLE,
25,39,OBSTACLE,9
26,39,OBSTACLE,9
27,39,WALKABLE,
28,39,OBSTACLE,10
29,39,OBSTACLE,10
30,39,WALKABLE,
0,40,WALKABLE,
1,40,OBSTACLE,1
2,40,OBSTACLE,1
3,40,WALKABLE,
4,40,OBSTACLE,2
5,40,OBSTACLE,2
6,40,WALKABLE,
7,40,OBSTACLE,3
8,40,OBSTACLE,3
9,40,WALKABLE,
10,40,OBSTACLE,4
11,40,OBSTACLE,4
12,40,WALKABLE,
13,40,OBSTACLE,5
14,40,OBSTACLE,5
15,40,WALKABLE,
16,40,OBSTACLE,6
17,40,OBSTACLE,6
18,40,WALKABLE,
19,40,OBSTACLE,7
20,40,OBSTACLE,7
21,40,WALKABLE,
22,40,OBSTACLE,8
23,40,OBSTACLE,8
24,40,WALKABLE,
25,40,OBSTACLE,9
26,40,OBSTACLE,9
27,40,WALKABLE,
28,40,OBSTACLE,10
29,40,OBSTACLE,10
30,40,WALKABLE,
0,41,WALKABLE,
1,41,OBSTACLE,1
2,41,OBSTACLE,1
3,41,WALKABLE,
4,41,OBSTACLE,2
5,41,OBSTACLE,2
6,41,WALKABLE,
7,41,OBSTACLE,3
8,41,OBSTACLE,3
9,41,WALKABLE,
10,41,OBSTACLE,4
11,41,OBSTACLE,4
12,41,WALKABLE,
13,41,OBSTACLE,5
14,41,OBSTACLE,5
15,41,WALKABLE,
16,41,OBSTACLE,6
17,41,OBSTACLE,6
18,41,WALKABLE,
19,41,OBSTACLE,7
20,41,OBSTACLE,7
21,41,WALKABLE,
22,41,OBSTACLE,8
23,41,OBSTACLE,8
24,41,WALKABLE,
25,41,OBSTACLE,9
26,41,OBSTACLE,9
27,41,WALKABLE,
28,41,OBSTACLE,10
29,41,OBSTACLE,10
30,41,WALKABLE,
0,42,WALKABLE,
1,42,WALKABLE,
2,42,WALKABLE,
3,42,WALKABLE,
4,42,WALKABLE,
5,42,WALKABLE,
6,42,WALKABLE,
7,42,WALKABLE,
8,42,WALKABLE,
9,42,WALKABLE,
10,42,WALKABLE,
11,42,WALKABLE,
12,42,WALKABLE,
13,42,WALKABLE,
14,42,WALKABLE,
15,42,WALKABLE,
16,42,WALKABLE,
17,42,WALKABLE,
18,42,WALKABLE,
19,42,WALKABLE,
20,42,WALKABLE,
21,42,WALKABLE,
22,42,WALKABLE,
23,42,WALKABLE,
24,42,WALKABLE,
25,42,WALKABLE,
26,42,WALKABLE,
27,42,WALKABLE,
28,42,WALKABLE,
29,42,WALKABLE,
30,42,WALKABLE,
0,43,WALKABLE,
1,43,OBSTACLE,11
2,43,OBSTACLE,13
3,43,WALKABLE,
4,43,OBSTACLE,15
5,43,OBSTACLE,17
6,43,WALKABLE,
7,43,OBSTACLE,19
8,43,OBSTACLE,21
9,43,WALKABLE,
10,43,OBSTACLE,23
11,43,OBSTACLE,25
12,43,WALKABLE,
13,43,OBSTACLE,27
14,43,OBSTACLE,29
15,43,WALKABLE,
16,43,OBSTACLE,31
17,43,OBSTACLE,33
18,43,WALKABLE,
19,43,OBSTACLE,35
20,43,OBSTACLE,37
21,43,WALKABLE,
22,43,OBSTACLE,39
23,43,OBSTACLE,41
24,43,WALKABLE,
25,43,OBSTACLE,43
26,43,OBSTACLE,45
27,43,WALKABLE,
28,43,OBSTACLE,47
29,43,OBSTACLE,49
30,43,WALKABLE,
0,44,WALKABLE,
1,44,OBSTACLE,11
2,44,OBSTACLE,13
3,44,WALKABLE,
4,44,OBSTACLE,15
5,44,OBSTACLE,17
6,44,WALKABLE,
7,44,OBSTACLE,19
8,44,OBSTACLE,21
9,44,WALKABLE,
10,44,OBSTACLE,23
11,44,OBSTACLE,25
12,44,WALKABLE,
13,44,OBSTACLE,27
14,44,OBSTACLE,29
15,44,WALKABLE,
16,44,OBSTACLE,31
17,44,OBSTACLE,33
18,44,WALKABLE,
19,44,OBSTACLE,35
20,44,OBSTACLE,37
21,44,WALKABLE,
22,44,OBSTACLE,39
23,44,OBSTACLE,41
24,44,WALKABLE,
25,44,OBSTACLE,43
26,44,OBSTACLE,45
27,44,WALKABLE,
28,44,OBSTACLE,47
29,44,OBSTACLE,49
30,44,WALKABLE,
0,45,WALKABLE,
1,45,OBSTACLE,11
2,45,OBSTACLE,13
3,45,WALKABLE,
4,45,OBSTACLE,15
5,45,OBSTACLE,17
6,45,WALKABLE,
7,45,OBSTACLE,19
8,45,OBSTACLE,21
9,45,WALKABLE,
10,45,OBSTACLE,23
11,45,OBSTACLE,25
12,45,WALKABLE,
13,45,OBSTACLE,27
14,45,OBSTACLE,29
15,45,WALKABLE,
16,45,OBSTACLE,31
17,45,OBSTACLE,33
18,45,WALKABLE,
19,45,OBSTACLE,35
20,45,OBSTACLE,37
21,45,WALKABLE,
22,45,OBSTACLE,39
23,45,OBSTACLE,41
24,45,WALKABLE,
25,45,OBSTACLE,43
26,45,OBSTACLE,45
27,45,WALKABLE,
28,45,OBSTACLE,47
29,45,OBSTACLE,49
30,45,WALKABLE,
0,46,WALKABLE,
1,46,OBSTACLE,11
2,46,OBSTACLE,13
3,46,WALKABLE,
4,46,OBSTACLE,15
5,46,OBSTACLE,17
6,46,WALKABLE,
7,46,OBSTACLE,19
8,46,OBSTACLE,21
9,46,WALKABLE,
10,46,OBSTACLE,23
11,46,OBSTACLE,25
12,46,WALKABLE,
13,46,OBSTACLE,27
14,46,OBSTACLE,29
15,46,WALKABLE,
16,46,OBSTACLE,31
17,46,OBSTACLE,33
18,46,WALKABLE,
19,46,OBSTACLE,35
20,46,OBSTACLE,37
21,46,WALKABLE,
22,46,OBSTACLE,39
23,46,OBSTACLE,41
24,46,WALKABLE,
25,46,OBSTACLE,43
26,46,OBSTACLE,45
27,46,WALKABLE,
28,46,OBSTACLE,47
29,46,OBSTACLE,49
30,46,WALKABLE,
0,47,WALKABLE,
1,47,OBSTACLE,11
2,47,OBSTACLE,13
3,47,WALKABLE,
4,47,OBSTACLE,15
5,47,OBSTACLE,17
6,47,WALKABLE,
7,47,OBSTACLE,19
8,47,OBSTACLE,21
9,47,WALKABLE,
10,47,OBSTACLE,23
11,47,OBSTACLE,25
12,47,WALKABLE,
13,47,OBSTACLE,27
14,47,OBSTACLE,29
15,47,WALKABLE,
16,47,OBSTACLE,31
17,47,OBSTACLE,33
18,47,WALKABLE,
19,47,OBSTACLE,35
20,47,OBSTACLE,37
21,47,WALKABLE,
22,47,OBSTACLE,39
23,47,OBSTACLE,41
24,47,WALKABLE,
25,47,OBSTACLE,43
26,47,OBSTACLE,45
27,47,WALKABLE,
28,47,OBSTACLE,47
29,47,OBSTACLE,49
30,47,WALKABLE,
0,48,WALKABLE,
1,48,WALKABLE,
2,48,WALKABLE,
3,48,WALKABLE,
4,48,WALKABLE,
5,48,WALKABLE,
6,48,WALKABLE,
7,48,WALKABLE,
8,48,WALKABLE,
9,48,WALKABLE,
10,48,WALKABLE,
11,48,WALKABLE,
12,48,WALKABLE,
13,48,WALKABLE,
14,48,WALKABLE,
15,48,WALKABLE,
16,48,WALKABLE,
17,48,WALKABLE,
18,48,WALKABLE,
19,48,WALKABLE,
20,48,WALKABLE,
21,48,WALKABLE,
22,48,WALKABLE,
23,48,WALKABLE,
24,48,WALKABLE,
25,48,WALKABLE,
26,48,WALKABLE,
27,48,WALKABLE,
28,48,WALKABLE,
29,48,WALKABLE,
30,48,WALKABLE,
0,49,WALKABLE,
1,49,OBSTACLE,12
2,49,OBSTACLE,14
3,49,WALKABLE,
4,49,OBSTACLE,16
5,49,OBSTACLE,18
6,49,WALKABLE,
7,49,OBSTACLE,20
8,49,OBSTACLE,22
9,49,WALKABLE,
10,49,OBSTACLE,24
11,49,OBSTACLE,26
12,49,WALKABLE,
13,49,OBSTACLE,28
14,49,OBSTACLE,30
15,49,WALKABLE,
16,49,OBSTACLE,32
17,49,OBSTACLE,34
18,49,WALKABLE,
19,49,OBSTACLE,36
20,49,OBSTACLE,38
21,49,WALKABLE,
22,49,OBSTACLE,40
23,49,OBSTACLE,42
24,49,WALKABLE,
25,49,OBSTACLE,44
26,49,OBSTACLE,46
27,49,WALKABLE,
28,49,OBSTACLE,48
29,49,OBSTACLE,50
30,49,WALKABLE,
0,50,WALKABLE,
1,50,OBSTACLE,12
2,50,OBSTACLE,14
3,50,WALKABLE,
4,50,OBSTACLE,16
5,50,OBSTACLE,18
6,50,WALKABLE,
7,50,OBSTACLE,20
8,50,OBSTACLE,22
9,50,WALKABLE,
10,50,OBSTACLE,24
11,50,OBSTACLE,26
12,50,WALKABLE,
13,50,OBSTACLE,28
14,50,OBSTACLE,30
15,50,WALKABLE,
16,50,OBSTACLE,32
17,50,OBSTACLE,34
18,50,WALKABLE,
19,50,OBSTACLE,36
20,50,OBSTACLE,38
21,50,WALKABLE,
22,50,OBSTACLE,40
23,50,OBSTACLE,42
24,50,WALKABLE,
25,50,OBSTACLE,44
26,50,OBSTACLE,46
27,50,WALKABLE,
28,50,OBSTACLE,48
29,50,OBSTACLE,50
30,50,WALKABLE,
0,51,WALKABLE,
1,51,OBSTACLE,12
2,51,OBSTACLE,14
3,51,WALKABLE,
4,51,OBSTACLE,16
5,51,OBSTACLE,18
6,51,WALKABLE,
7,51,OBSTACLE,20
8,51,OBSTACLE,22
9,51,WALKABLE,
10,51,OBSTACLE,24
11,51,OBSTACLE,26
12,51,WALKABLE,
13,51,OBSTACLE,28
14,51,OBSTACLE,30
15,51,WALKABLE,
16,51,OBSTACLE,32
17,51,OBSTACLE,34
18,51,WALKABLE,
19,51,OBSTACLE,36
20,51,OBSTACLE,38
21,51,WALKABLE,
22,51,OBSTACLE,40
23,51,OBSTACLE,42
24,51,WALKABLE,
25,51,OBSTACLE,44
26,51,OBSTACLE,46
27,51,WALKABLE,
28,51,OBSTACLE,48
29,51,OBSTACLE,50
30,51,WALKABLE,
0,52,WALKABLE,
1,52,OBSTACLE,12
2,52,OBSTACLE,14
3,52,WALKABLE,
4,52,OBSTACLE,16
5,52,OBSTACLE,18
6,52,WALKABLE,
7,52,OBSTACLE,20
8,52,OBSTACLE,22
9,52,WALKABLE,
10,52,OBSTACLE,24
11,52,OBSTACLE,26
12,52,WALKABLE,
13,52,OBSTACLE,28
14,52,OBSTACLE,30
15,52,WALKABLE,
16,52,OBSTACLE,32
17,52,OBSTACLE,34
18,52,WALKABLE,
19,52,OBSTACLE,36
20,52,OBSTACLE,38
21,52,WALKABLE,
22,52,OBSTACLE,40
23,52,OBSTACLE,42
24,52,WALKABLE,
25,52,OBSTACLE,44
26,52,OBSTACLE,46
27,52,WALKABLE,
28,52,OBSTACLE,48
29,52,OBSTACLE,50
30,52,WALKABLE,
0,53,WALKABLE,
1,53,OBSTACLE,12
2,53,OBSTACLE,14
3,53,WALKABLE,
4,53,OBSTACLE,16
5,53,OBSTACLE,18
6,53,WALKABLE,
7,53,OBSTACLE,20
8,53,OBSTACLE,22
9,53,WALKABLE,
10,53,OBSTACLE,24
11,53,OBSTACLE,26
12,53,WALKABLE,
13,53,OBSTACLE,28
14,53,OBSTACLE,30
15,53,WALKABLE,
16,53,OBSTACLE,32
17,53,OBSTACLE,34
18,53,WALKABLE,
19,53,OBSTACLE,36
20,53,OBSTACLE,38
21,53,WALKABLE,
22,53,OBSTACLE,40
23,53,OBSTACLE,42
24,53,WALKABLE,
25,53,OBSTACLE,44
26,53,OBSTACLE,46
27,53,WALKABLE,
28,53,OBSTACLE,48
29,53,OBSTACLE,50
30,53,WALKABLE,
0,54,WALKABLE,
1,54,WALKABLE,
2,54,WALKABLE,
3,54,WALKABLE,
4,54,WALKABLE,
5,54,WALKABLE,
6,54,WALKABLE,
7,54,WALKABLE,
8,54,WALKABLE,
9,54,WALKABLE,
10,54,WALKABLE,
11,54,WALKABLE,
12,54,WALKABLE,
13,54,WALKABLE,
14,54,WALKABLE,
15,54,WALKABLE,
16,54,WALKABLE,
17,54,WALKABLE,
18,54,WALKABLE,
19,54,WALKABLE,
20,54,WALKABLE,
21,54,WALKABLE,
22,54,WALKABLE,
23,54,WALKABLE,
24,54,WALKABLE,
25,54,WALKABLE,
26,54,WALKABLE,
27,54,WALKABLE,
28,54,WALKABLE,
29,54,WALKABLE,
30,54,WALKABLE,
0,55,WALKABLE,
1,55,OBSTACLE,51
2,55,OBSTACLE,51
3,55,WALKABLE,
4,55,OBSTACLE,56
5,55,OBSTACLE,56
6,55,WALKABLE,
7,55,OBSTACLE,61
8,55,OBSTACLE,61
9,55,WALKABLE,
10,55,OBSTACLE,66
11,55,OBSTACLE,66
12,55,WALKABLE,
13,55,OBSTACLE,71
14,55,OBSTACLE,71
15,55,WALKABLE,
16,55,OBSTACLE,76
17,55,OBSTACLE,76
18,55,WALKABLE,
19,55,OBSTACLE,81
20,55,OBSTACLE,81
21,55,WALKABLE,
22,55,OBSTACLE,86
23,55,OBSTACLE,86
24,55,WALKABLE,
25,55,OBSTACLE,91
26,55,OBSTACLE,91
27,55,WALKABLE,
28,55,OBSTACLE,96
29,55,OBSTACLE,96
30,55,WALKABLE,
0,56,WALKABLE,
1,56,OBSTACLE,52
2,56,OBSTACLE,52
3,56,WALKABLE,
4,56,OBSTACLE,57
5,56,OBSTACLE,57
6,56,WALKABLE,
7,56,OBSTACLE,62
8,56,OBSTACLE,62
9,56,WALKABLE,
10,56,OBSTACLE,67
11,56,OBSTACLE,67
12,56,WALKABLE,
13,56,OBSTACLE,72
14,56,OBSTACLE,72
15,56,WALKABLE,
16,56,OBSTACLE,77
17,56,OBSTACLE,77
18,56,WALKABLE,
19,56,OBSTACLE,82
20,56,OBSTACLE,82
21,56,WALKABLE,
22,56,OBSTACLE,87
23,56,OBSTACLE,87
24,56,WALKABLE,
25,56,OBSTACLE,92
26,56,OBSTACLE,92
27,56,WALKABLE,
28,56,OBSTACLE,97
29,56,OBSTACLE,97
30,56,WALKABLE,
0,57,WALKABLE,
1,57,OBSTACLE,53
2,57,OBSTACLE,53
3,57,WALKABLE,
4,57,OBSTACLE,58
5,57,OBSTACLE,58
6,57,WALKABLE,
7,57,OBSTACLE,63
8,57,OBSTACLE,63
9,57,WALKABLE,
10,57,OBSTACLE,68
11,57,OBSTACLE,68
12,57,WALKABLE,
13,57,OBSTACLE,73
14,57,OBSTACLE,73
15,57,WALKABLE,
16,57,OBSTACLE,78
17,57,OBSTACLE,78
18,57,WALKABLE,
19,57,OBSTACLE,83
20,57,OBSTACLE,83
21,57,WALKABLE,
22,57,OBSTACLE,88
23,57,OBSTACLE,88
24,57,WALKABLE,
25,57,OBSTACLE,93
26,57,OBSTACLE,93
27,57,WALKABLE,
28,57,OBSTACLE,98
29,57,OBSTACLE,98
30,57,WALKABLE,
0,58,WALKABLE,
1,58,OBSTACLE,54
2,58,OBSTACLE,54
3,58,WALKABLE,
4,58,OBSTACLE,59
5,58,OBSTACLE,59
6,58,WALKABLE,
7,58,OBSTACLE,64
8,58,OBSTACLE,64
9,58,WALKABLE,
10,58,OBSTACLE,69
11,58,OBSTACLE,69
12,58,WALKABLE,
13,58,OBSTACLE,74
14,58,OBSTACLE,74
15,58,WALKABLE,
16,58,OBSTACLE,79
17,58,OBSTACLE,79
18,58,WALKABLE,
19,58,OBSTACLE,84
20,58,OBSTACLE,84
21,58,WALKABLE,
22,58,OBSTACLE,89
23,58,OBSTACLE,89
24,58,WALKABLE,
25,58,OBSTACLE,94
26,58,OBSTACLE,94
27,58,WALKABLE,
28,58,OBSTACLE,99
29,58,OBSTACLE,99
30,58,WALKABLE,
0,59,WALKABLE,
1,59,OBSTACLE,55
2,59,OBSTACLE,55
3,59,WALKABLE,
4,59,OBSTACLE,60
5,59,OBSTACLE,60
6,59,WALKABLE,
7,59,OBSTACLE,65
8,59,OBSTACLE,65
9,59,WALKABLE,
10,59,OBSTACLE,70
11,59,OBSTACLE,70
12,59,WALKABLE,
13,59,OBSTACLE,75
14,59,OBSTACLE,75
15,59,WALKABLE,
16,59,OBSTACLE,80
17,59,OBSTACLE,80
18,59,WALKABLE,
19,59,OBSTACLE,85
20,59,OBSTACLE,85
21,59,WALKABLE,
22,59,OBSTACLE,90
23,59,OBSTACLE,90
24,59,WALKABLE,
25,59,OBSTACLE,95
26,59,OBSTACLE,95
27,59,WALKABLE,
28,59,OBSTACLE,100
29,59,OBSTACLE,100
30,59,WALKABLE,
0,60,WALKABLE,
1,60,WALKABLE,
2,60,WALKABLE,
3,60,WALKABLE,
4,60,WALKABLE,
5,60,WALKABLE,
6,60,WALKABLE,
7,60,WALKABLE,
8,60,WALKABLE,
9,60,WALKABLE,
10,60,WALKABLE,
11,60,WALKABLE,
12,60,WALKABLE,
13,60,WALKABLE,
14,60,WALKABLE,
15,60,WALKABLE,
16,60,WALKABLE,
17,60,WALKABLE,
18,60,WALKABLE,
19,60,WALKABLE,
20,60,WALKABLE,
21,60,WALKABLE,
22,60,WALKABLE,
23,60,WALKABLE,
24,60,WALKABLE,
25,60,WALKABLE,
26,60,WALKABLE,
27,60,WALKABLE,
28,60,WALKABLE,
29,60,WALKABLE,
30,60,WALKABLE,
