0,0,0,0,0,0,0,0,0,0,0,0,0,0,0,0,0,0,0,0,0,0,0,0,0,0,0,0,0,0,0
0,1,1,0,2,2,0,3,3,0,4,4,0,5,5,0,6,6,0,7,7,0,8,8,0,9,9,0,10,10,0
0,1,1,0,2,2,0,3,3,0,4,4,0,5,5,0,6,6,0,7,7,0,8,8,0,9,9,0,10,10,0
0,1,1,0,2,2,0,3,3,0,4,4,0,5,5,0,6,6,0,7,7,0,8,8,0,9,9,0,10,10,0
0,1,1,0,2,2,0,3,3,0,4,4,0,5,5,0,6,6,0,7,7,0,8,8,0,9,9,0,10,10,0
0,1,1,0,2,2,0,3,3,0,4,4,0,5,5,0,6,6,0,7,7,0,8,8,0,9,9,0,10,10,0
0,0,0,0,0,0,0,0,0,0,0,0,0,0,0,0,0,0,0,0,0,0,0,0,0,0,0,0,0,0,0
0,1,1,0,2,2,0,3,3,0,4,4,0,5,5,0,6,6,0,7,7,0,8,8,0,9,9,0,10,10,0
0,1,1,0,2,2,0,3,3,0,4,4,0,5,5,0,6,6,0,7,7,0,8,8,0,9,9,0,10,10,0
0,1,1,0,2,2,0,3,3,0,4,4,0,5,5,0,6,6,0,7,7,0,8,8,0,9,9,0,10,10,0
0,1,1,0,2,2,0,3,3,0,4,4,0,5,5,0,6,6,0,7,7,0,8,8,0,9,9,0,10,10,0
0,1,1,0,2,2,0,3,3,0,4,4,0,5,5,0,6,6,0,7,7,0,8,8,0,9,9,0,10,10,0
0,0,0,0,0,0,0,0,0,0,0,0,0,0,0,0,0,0,0,0,0,0,0,0,0,0,0,0,0,0,0
0,1,1,0,2,2,0,3,3,0,4,4,0,5,5,0,6,6,0,7,7,0,8,8,0,9,9,0,10,10,0
0,1,1,0,2,2,0,3,3,0,4,4,0,5,5,0,6,6,0,7,7,0,8,8,0,9,9,0,10,10,0
0,1,1,0,2,2,0,3,3,0,4,4,0,5,5,0,6,6,0,7,7,0,8,8,0,9,9,0,10,10,0
0,1,1,0,2,2,0,3,3,0,4,4,0,5,5,0,6,6,0,7,7,0,8,8,0,9,9,0,10,10,0
0,1,1,0,2,2,0,3,3,0,4,4,0,5,5,0,6,6,0,7,7,0,8,8,0,9,9,0,10,10,0
0,0,0,0,0,0,0,0,0,0,0,0,0,0,0,0,0,0,0,0,0,0,0,0,0,0,0,0,0,0,0
0,1,1,0,2,2,0,3,3,0,4,4,0,5,5,0,6,6,0,7,7,0,8,8,0,9,9,0,10,10,0
0,1,1,0,2,2,0,3,3,0,4,4,0,5,5,0,6,6,0,7,7,0,8,8,0,9,9,0,10,10,0
0,1,1,0,2,2,0,3,3,0,4,4,0,5,5,0,6,6,0,7,7,0,8,8,0,9,9,0,10,10,0
0,1,1,0,2,2,0,3,3,0,4,4,0,5,5,0,6,6,0,7,7,0,8,8,0,9,9,0,10,10,0
0,1,1,0,2,2,0,3,3,0,4,4,0,5,5,0,6,6,0,7,7,0,8,8,0,9,9,0,10,10,0
0,0,0,0,0,0,0,0,0,0,0,0,0,0,0,0,0,0,0,0,0,0,0,0,0,0,0,0,0,0,0
0,1,1,0,2,2,0,3,3,0,4,4,0,5,5,0,6,6,0,7,7,0,8,8,0,9,9,0,10,10,0
0,1,1,0,2,2,0,3,3,0,4,4,0,5,5,0,6,6,0,7,7,0,8,8,0,9,9,0,10,10,0
0,1,1,0,2,2,0,3,3,0,4,4,0,5,5,0,6,6,0,7,7,0,8,8,0,9,9,0,10,10,0
0,1,1,0,2,2,0,3,3,0,4,4,0,5,5,0,6,6,0,7,7,0,8,8,0,9,9,0,10,10,0
0,1,1,0,2,2,0,3,3,0,4,4,0,5,5,0,6,6,0,7,7,0,8,8,0,9,9,0,10,10,0
0,0,0,0,0,0,0,0,0,0,0,0,0,0,0,0,0,0,0,0,0,0,0,0,0,0,0,0,0,0,0
0,1,1,0,2,2,0,3,3,0,4,4,0,5,5,0,6,6,0,7,7,0,8,8,0,9,9,0,10,10,0
0,1,1,0,2,2,0,3,3,0,4,4,0,5,5,0,6,6,0,7,7,0,8,8,0,9,9,0,10,10,0
0,1,1,0,2,2,0,3,3,0,4,4,0,5,5,0,6,6,0,7,7,0,8,8,0,9,9,0,10,10,0
0,1,1,0,2,2,0,3,3,0,4,4,0,5,5,0,6,6,0,7,7,0,8,8,0,9,9,0,10,10,0
0,1,1,0,2,2,0,3,3,0,4,4,0,5,5,0,6,6,0,7,7,0,8,8,0,9,9,0,10,10,0
0,0,0,0,0,0,0,0,0,0,0,0,0,0,0,0,0,0,0,0,0,0,0,0,0,0,0,0,0,0,0
0,1,1,0,2,2,0,3,3,0,4,4,0,5,5,0,6,6,0,7,7,0,8,8,0,9,9,0,10,10,0
0,1,1,0,2,2,0,3,3,0,4,4,0,5,5,0,6,6,0,7,7,0,8,8,0,9,9,0,10,10,0
0,1,1,0,2,2,0,3,3,0,4,4,0,5,5,0,6,6,0,7,7,0,8,8,0,9,9,0,10,10,0
0,1,1,0,2,2,0,3,3,0,4,4,0,5,5,0,6,6,0,7,7,0,8,8,0,9,9,0,10,10,0
0,1,1,0,2,2,0,3,3,0,4,4,0,5,5,0,6,6,0,7,7,0,8,8,0,9,9,0,10,10,0
0,0,0,0,0,0,0,0,0,0,0,0,0,0,0,0,0,0,0,0,0,0,0,0,0,0,0,0,0,0,0
0,11,13,0,15,17,0,19,21,0,23,25,0,27,29,0,31,33,0,35,37,0,39,41,0,43,45,0,47,49,0
0,11,13,0,15,17,0,19,21,0,23,25,0,27,29,0,31,33,0,35,37,0,39,41,0,43,45,0,47,49,0
0,11,13,0,15,17,0,19,21,0,23,25,0,27,29,0,31,33,0,35,37,0,39,41,0,43,45,0,47,49,0
0,11,13,0,15,17,0,19,21,0,23,25,0,27,29,0,31,33,0,35,37,0,39,41,0,43,45,0,47,49,0
0,11,13,0,15,17,0,19,21,0,23,25,0,27,29,0,31,33,0,35,37,0,39,41,0,43,45,0,47,49,0
0,0,0,0,0,0,0,0,0,0,0,0,0,0,0,0,0,0,0,0,0,0,0,0,0,0,0,0,0,0,0
0,12,14,0,16,18,0,20,22,0,24,26,0,28,30,0,32,34,0,36,38,0,40,42,0,44,46,0,48,50,0
0,12,14,0,16,18,0,20,22,0,24,26,0,28,30,0,32,34,0,36,38,0,40,42,0,44,46,0,48,50,0
0,12,14,0,16,18,0,20,22,0,24,26,0,28,30,0,32,34,0,36,38,0,40,42,0,44,46,0,48,50,0
0,12,14,0,16,18,0,20,22,0,24,26,0,28,30,0,32,34,0,36,38,0,40,42,0,44,46,0,48,50,0
0,12,14,0,16,18,0,20,22,0,24,26,0,28,30,0,32,34,0,36,38,0,40,42,0,44,46,0,48,50,0
0,0,0,0,0,0,0,0,0,0,0,0,0,0,0,0,0,0,0,0,0,0,0,0,0,0,0,0,0,0,0
0,51,51,0,56,56,0,61,61,0,66,66,0,71,71,0,76,76,0,81,81,0,86,86,0,91,91,0,96,96,0
0,52,52,0,57,57,0,62,62,0,67,67,0,72,72,0,77,77,0,82,82,0,87,87,0,92,92,0,97,97,0
0,53,53,0,58,58,0,63,63,0,68,68,0,73,73,0,78,78,0,83,83,0,88,88,0,93,93,0,98,98,0
0,54,54,0,59,59,0,64,64,0,69,69,0,74,74,0,79,79,0,84,84,0,89,89,0,94,94,0,99,99,0
0,55,55,0,60,60,0,65,65,0,70,70,0,75,75,0,80,80,0,85,85,0,90,90,0,95,95,0,100,100,0
0,0,0,0,0,0,0,0,0,0,0,0,0,0,0,0,0,0,0,0,0,0,0,0,0,0,0,0,0,0,0